{"initial_reset_timestamp": 294.369554547, "timestamps": [297.174055248, 316.75678449, 332.660687872, 342.769233558, 352.993666229, 362.982050386, 376.114502658, 388.914307825, 398.902220572, 408.683844428, 422.283461294, 434.064470502, 444.811775208, 456.859057443, 468.76012903, 482.400772261, 494.224674428, 511.87386463, 524.716801983, 544.031645282, 564.841095252, 583.847479165, 600.859639794, 616.459535237, 635.893586731, 655.697649079, 676.950433004, 700.002214133, 713.781112447, 733.012627155, 754.030337139, 773.192845249, 793.737523188, 807.154082695, 825.603972079, 852.193928124, 881.028316808, 911.266648142, 941.251037747, 975.450307303, 1006.065454928, 1033.662387907, 1063.48272195, 1096.748778936, 1122.933891393, 1147.709530524, 1176.902777334, 1215.571067923, 1247.843786894, 1282.405590126, 1318.021485144, 1355.675037344, 1399.44162757, 1455.251186898, 1501.616581384, 1542.629216669, 1590.685898413, 1639.819868049, 1683.543772269, 1719.898701532, 1765.990183723, 1809.144039127, 1834.52541029, 1868.385842591, 1905.427264375, 1942.199433652, 1991.769894566, 2029.785007889, 2058.76253845, 2108.138079351, 2136.105522147, 2168.172836704, 2204.699739469, 2244.63918027, 2273.411873787, 2302.072421523, 2343.208794385, 2366.973031842, 2413.478251798, 2454.809809765, 2496.493526289, 2534.307677046, 2576.719146755, 2617.570164824, 2668.045147867, 2703.098649099, 2737.06790544, 2771.136031123, 2813.644278181, 2864.801499742, 2920.062544615, 2967.006304511, 3008.966761273, 3046.676462158, 3093.715879714, 3138.569320492, 3178.01932313, 3211.683437232, 3245.040415289, 3270.334837138, 3302.785183314, 3328.228593784, 3351.456876064, 3374.563654556, 3398.878842307, 3427.17395133, 3451.450031728, 3473.26013454, 3497.294267133, 3530.602779994, 3554.016102051, 3579.010563646, 3609.474648637, 3635.970071553, 3661.33986929, 3687.019007677, 3710.418728166, 3734.773040541, 3762.364353516, 3786.806145327, 3818.305569371, 3841.920184326, 3877.292292622, 3902.418242494, 3929.547391641, 3955.924078008, 3980.167513198, 4009.508262659, 4034.783333912, 4058.065075308, 4082.231151615, 4103.853951186, 4127.119635188, 4153.947046011, 4180.556692085, 4202.681763347, 4224.64130097, 4247.902276298, 4269.978825823, 4292.710336619, 4315.459105665, 4343.583222831, 4366.987538141, 4392.277724916, 4423.106934524, 4451.01642211, 4478.240623669, 4501.022427577, 4528.570592203, 4553.052776571, 4575.631562623, 4598.510293211, 4628.021963174, 4656.67689428, 4686.713766994, 4712.380693285, 4735.74933782, 4764.805185817, 4786.311083353, 4807.540929892, 4831.854156549, 4864.440605791, 4886.212440217, 4915.246438016, 4937.190423286, 4959.614543555, 4984.554669971, 5006.767768671, 5034.490626718, 5054.85690686, 5076.855583423, 5098.462981393, 5121.744097958, 5143.891415763, 5166.219768026, 5187.652127558, 5212.193476667, 5233.407757055, 5254.314453375, 5275.383696712, 5298.148955867, 5320.371722292, 5343.045701608, 5369.309955408, 5391.838905019, 5416.163552011, 5441.427704708, 5465.095641077, 5488.417511961, 5510.876517787, 5531.542811357, 5554.658984149, 5577.040781093, 5598.198706746, 5618.174690384, 5640.428641808, 5661.83428287, 5685.024045186, 5706.246248685, 5729.095976421, 5752.058940215, 5782.004026113, 5807.938369542, 5830.30422827, 5852.888157723, 5874.788706059, 5899.195247335, 5922.518109076, 5946.396827652, 5970.410709703, 5997.284027811, 6022.46148455, 6043.883419469, 6069.024653301, 6091.693222579, 6114.089478194, 6135.806651969, 6156.500068127, 6182.098776733, 6204.140164895, 6225.709076681, 6248.893105447, 6271.553272209, 6295.045093375, 6316.646022629, 6341.744449019, 6364.976074324, 6388.525201302, 6414.444820553, 6439.297253506, 6462.322855471, 6485.931758973, 6508.987895927, 6531.630414454, 6558.282559721, 6582.650967087, 6603.921634649, 6626.157436569, 6648.786289418, 6677.268246807, 6698.194100699, 6721.802274783, 6745.71759296, 6767.75955438, 6788.75465516, 6814.840294483, 6837.15974896, 6859.161484079, 6880.005751963, 6901.025002293, 6926.861895867, 6949.68023504, 6971.380130255, 6994.936287032, 7019.991813819, 7042.085245993, 7063.478462317, 7090.437647699, 7113.218112308, 7134.977563758, 7156.885400794, 7180.599431273, 7202.237125614, 7224.377232417, 7245.103219212, 7267.002816775, 7289.077556429, 7311.67459537, 7333.300013013, 7354.921633644, 7376.202473791, 7401.956503189, 7423.995161551, 7446.645872589, 7468.210314904, 7493.915359229, 7514.485620768, 7536.143297346, 7560.912409754, 7584.127730682, 7604.970325549, 7625.587494502, 7647.707853866, 7668.67684989, 7692.724165773, 7714.186175038, 7739.160239239, 7763.520783247, 7785.583873343, 7807.218851123, 7831.372868589, 7853.552856056, 7876.165414145, 7900.186104736, 7924.087885435, 7946.526228511, 7969.291292899, 7990.528784144, 8011.586039375, 8033.100625786, 8055.760241818, 8077.935528406, 8099.578959265, 8120.556832756, 8149.757330525, 8172.19198999, 8194.427067222, 8215.366687019, 8237.1480527, 8258.388327917, 8280.000670785, 8300.845041158, 8321.413109886, 8342.007751233, 8363.637969091, 8384.958847556, 8406.018870779, 8428.077700833, 8448.610695994, 8468.925300992, 8490.815866758, 8511.080388393, 8533.438592894, 8553.668345632, 8574.594488615, 8594.687821859, 8616.219556914, 8636.408874653, 8657.170310176, 8683.194817439, 8703.74648851, 8723.898572691, 8748.426204808, 8772.412611024, 8792.608147836, 8814.332562179, 8837.163942414, 8857.410569321, 8877.403496886, 8898.815687537, 8918.359054395, 8940.108697383, 8962.754422103, 8982.900239594, 9004.487944378, 9024.830331404, 9049.454510826, 9071.824961508, 9092.201936255, 9112.482642381, 9133.092605136, 9153.485240391, 9173.439659419, 9193.189632063, 9212.80789281, 9232.717337531, 9253.081615936, 9272.886276813, 9292.829550563, 9314.703224575, 9334.530797074, 9355.808279556, 9377.260981497, 9398.505092253, 9419.252623636, 9440.762132679, 9462.964822113, 9483.309301019, 9504.221168959, 9525.148618898, 9545.081864118, 9567.445306267, 9587.639201481, 9613.44201148, 9635.975369057, 9656.27439004, 9676.288469021, 9696.454150186, 9717.773073538, 9738.306985427, 9758.698705428, 9780.851715346, 9800.662181409, 9820.941938904, 9841.168857271, 9860.881032435, 9881.358120011, 9901.374431404, 9922.1737279, 9942.064187559, 9962.264950357, 9985.156148318, 10006.141696031, 10026.846486714, 10047.679077699, 10068.319098346, 10088.167478204, 10108.8678192, 10128.685415771, 10150.320290104, 10171.547043216, 10193.469408442, 10214.978648332, 10236.351420972, 10257.13895801, 10277.576430257, 10298.029228751, 10317.709955119, 10341.519071624, 10362.096393914, 10381.903984308, 10402.102884984, 10421.871619234, 10442.922632913, 10463.22530506, 10486.867959883, 10509.184282785, 10529.469323038, 10552.617817329, 10574.75804049, 10594.827389346, 10627.610721753, 10647.934184798, 10668.244346895, 10688.64859462, 10709.892004983, 10730.273178635, 10751.464134402, 10773.186577688, 10793.716533291, 10815.837122505, 10837.117031907, 10858.058339281, 10881.056484132, 10902.340762483, 10925.341228666, 10946.03767959, 10966.779672883, 10991.001857508, 11014.772069049, 11038.103579417, 11058.63410836, 11080.497593555, 11101.67262566, 11123.513724785, 11143.969785776, 11168.94649964, 11190.218003917, 11211.476541382, 11232.116595776, 11253.527901367, 11274.170687756, 11296.089541408, 11316.520647344, 11338.294213939, 11363.513137248, 11384.168693639, 11407.361751607, 11429.117944619, 11451.209457832, 11472.811933129, 11495.734440613, 11517.495638509, 11540.027474999, 11562.927256578, 11584.371191476, 11605.449839409, 11627.50044693, 11648.719998171, 11669.83281148, 11690.709464256, 11711.770443928, 11733.1160524, 11753.933552737, 11774.894032157, 11795.571116903, 11817.266592774, 11837.930618286, 11859.644005398, 11880.249722144, 11902.182552492, 11922.763817917, 11943.567348053, 11971.215635959, 11994.339644423, 12018.293159315, 12039.522614314, 12061.566265218, 12082.612740619, 12108.55922498, 12131.014460129, 12151.153689439, 12171.225717406, 12191.971724831, 12218.484972749, 